ID_hecho,FECHA,AAAA,MM,DD,ROL,VICTIMA,SEXO,EDAD,FECHA_FALLECIMIENTO
2016-0003,2016-01-03,2016,1,3,CONDUCTOR,MOTO,MASCULINO,30,2016-01-03 00:00:00
2016-0005,2016-01-21,2016,1,21,CONDUCTOR,MOTO,MASCULINO,29,2016-02-01 00:00:00
2016-0008,2016-01-24,2016,1,24,CONDUCTOR,MOTO,MASCULINO,30,2016-01-24 00:00:00
2016-0012,2016-02-08,2016,2,8,CONDUCTOR,MOTO,MASCULINO,22,2016-02-08 00:00:00
2016-0017,2016-02-15,2016,2,15,PEATON,PEATON,MASCULINO,59,2016-02-16 00:00:00
2016-0020,2016-02-17,2016,2,17,PEATON,PEATON,MASCULINO,59,2016-03-02 00:00:00
2016-0021,2016-02-17,2016,2,17,CONDUCTOR,AUTO,MASCULINO,34,2016-02-17 00:00:00
2016-0026,2016-02-28,2016,2,28,CONDUCTOR,AUTO,MASCULINO,30,2016-03-04 00:00:00
2016-0028,2016-03-02,2016,3,2,PEATON,PEATON,MASCULINO,50,2016-03-02 00:00:00
2016-0029,2016-03-04,2016,3,4,PEATON,PEATON,MASCULINO,38,2016-03-04 00:00:00
2016-0031,2016-03-08,2016,3,8,CONDUCTOR,MOTO,MASCULINO,21,SD
2016-0034,2016-03-12,2016,3,12,PEATON,PEATON,MASCULINO,52,2016-03-12 00:00:00
2016-0035,2016-03-13,2016,3,13,CONDUCTOR,MOTO,MASCULINO,34,2016-03-13 00:00:00
2016-0038,2016-03-21,2016,3,21,PEATON,PEATON,MASCULINO,29,2016-03-21 00:00:00
2016-0041,2016-03-29,2016,3,29,CONDUCTOR,MOTO,MASCULINO,54,2016-03-29 00:00:00
2016-0043,2016-03-30,2016,3,30,PEATON,PEATON,FEMENINO,56,2016-03-30 00:00:00
2016-0044,2016-03-31,2016,3,31,CONDUCTOR,MOTO,MASCULINO,24,2016-03-31 00:00:00
2016-0047,2016-04-15,2016,4,15,PEATON,PEATON,MASCULINO,41,2016-04-15 00:00:00
2016-0051,2016-04-20,2016,4,20,CONDUCTOR,MOTO,MASCULINO,36,2016-04-20 00:00:00
2016-0053,2016-04-22,2016,4,22,PEATON,PEATON,MASCULINO,38,2016-04-22 00:00:00
2016-0054,2016-04-23,2016,4,23,CONDUCTOR,MOTO,MASCULINO,30,2016-04-25 00:00:00
2016-0056,2016-04-26,2016,4,26,CONDUCTOR,MOTO,MASCULINO,26,2016-04-26 00:00:00
2016-0058,2016-05-04,2016,5,4,PEATON,PEATON,FEMENINO,57,2016-05-08 00:00:00
2016-0059,2016-05-08,2016,5,8,PEATON,PEATON,MASCULINO,37,2016-05-26 00:00:00
2016-0068,2016-05-22,2016,5,22,CONDUCTOR,MOTO,MASCULINO,58,SD
2016-0069,2016-05-23,2016,5,23,CONDUCTOR,AUTO,MASCULINO,30,2016-05-23 00:00:00
2016-0073,2016-06-11,2016,6,11,CONDUCTOR,MOTO,MASCULINO,23,SD
2016-0075,2016-06-12,2016,6,12,PEATON,PEATON,MASCULINO,42,2016-06-12 00:00:00
2016-0076,2016-06-13,2016,6,13,PEATON,PEATON,FEMENINO,53,2016-06-13 00:00:00
2016-0078,2016-06-13,2016,6,13,CONDUCTOR,MOTO,MASCULINO,30,SD
2016-0079,2016-06-16,2016,6,16,CONDUCTOR,AUTO,FEMENINO,51,SD
2016-0081,2016-06-22,2016,6,22,CONDUCTOR,MOTO,MASCULINO,40,SD
2016-0084,2016-06-29,2016,6,29,PEATON,PEATON,MASCULINO,57,2016-07-08 00:00:00
2016-0087,2016-07-03,2016,7,3,CONDUCTOR,MOTO,MASCULINO,23,2016-07-03 00:00:00
2016-0089,2016-07-14,2016,7,14,PEATON,PEATON,MASCULINO,35,2016-07-14 00:00:00
2016-0092,2016-07-15,2016,7,15,CONDUCTOR,MOTO,MASCULINO,24,2016-07-15 00:00:00
2016-0093,2016-07-17,2016,7,17,CONDUCTOR,AUTO,MASCULINO,35,2016-07-19 00:00:00
2016-0095,2016-07-23,2016,7,23,CONDUCTOR,MOTO,MASCULINO,29,2016-07-23 00:00:00
2016-0098,2016-07-27,2016,7,27,CONDUCTOR,MOTO,FEMENINO,43,SD
2016-0100,2016-08-03,2016,8,3,CONDUCTOR,MOTO,MASCULINO,57,2016-08-03 00:00:00
2016-0102,2016-08-10,2016,8,10,CONDUCTOR,MOTO,MASCULINO,29,SD
2016-0104,2016-08-14,2016,8,14,CONDUCTOR,MOTO,MASCULINO,21,2016-08-15 00:00:00
2016-0106,2016-08-19,2016,8,19,PEATON,PEATON,MASCULINO,38,SD
2016-0107,2016-08-20,2016,8,20,CONDUCTOR,MOTO,MASCULINO,21,SD
2016-0109,2016-08-24,2016,8,24,CONDUCTOR,AUTO,FEMENINO,53,2016-08-24 00:00:00
2016-0110,2016-08-24,2016,8,24,PEATON,PEATON,MASCULINO,57,SD
2016-0111,2016-08-25,2016,8,25,CONDUCTOR,MOTO,MASCULINO,27,2016-08-25 00:00:00
2016-0112,2016-08-27,2016,8,27,CONDUCTOR,MOTO,MASCULINO,24,2016-08-27 00:00:00
2016-0116,2016-09-02,2016,9,2,CONDUCTOR,MOTO,MASCULINO,30,2016-09-02 00:00:00
2016-0117,2016-09-03,2016,9,3,CONDUCTOR,AUTO,MASCULINO,43,SD
2016-0118,2016-09-04,2016,9,4,CONDUCTOR,AUTO,MASCULINO,27,2016-09-04 00:00:00
2016-0123,2016-09-14,2016,9,14,CONDUCTOR,MOTO,FEMENINO,58,SD
2016-0125,2016-09-17,2016,9,17,CONDUCTOR,MOTO,MASCULINO,30,SD
2016-0126,2016-09-18,2016,9,18,CONDUCTOR,AUTO,MASCULINO,37,SD
2016-0127,2016-09-24,2016,9,24,PEATON,PEATON,MASCULINO,50,SD
2016-0130,2016-10-04,2016,10,4,CONDUCTOR,MOTO,MASCULINO,29,2016-10-04 00:00:00
2016-0131,2016-10-09,2016,10,9,PEATON,PEATON,MASCULINO,35,SD
2016-0133,2016-10-14,2016,10,14,CONDUCTOR,MOTO,MASCULINO,41,2016-10-25 00:00:00
2016-0134,2016-10-23,2016,10,23,CONDUCTOR,MOTO,MASCULINO,25,2016-10-23 00:00:00
2016-0135,2016-10-24,2016,10,24,PEATON,PEATON,MASCULINO,29,2016-10-25 00:00:00
2016-0137,2016-10-25,2016,10,25,CONDUCTOR,MOTO,MASCULINO,30,SD
2016-0142,2016-11-05,2016,11,5,CONDUCTOR,MOTO,MASCULINO,46,2016-11-05 00:00:00
2016-0143,2016-11-06,2016,11,6,CONDUCTOR,MOTO,MASCULINO,35,SD
2016-0145,2016-11-07,2016,11,7,CONDUCTOR,MOTO,MASCULINO,39,2016-11-07 00:00:00
2016-0146,2016-11-09,2016,11,9,PEATON,PEATON,FEMENINO,29,SD
2016-0152,2016-11-23,2016,11,23,CONDUCTOR,MOTO,MASCULINO,42,2016-11-24 00:00:00
2016-0154,2016-11-26,2016,11,26,CONDUCTOR,MOTO,MASCULINO,38,SD
2016-0155,2016-11-26,2016,11,26,PEATON,PEATON,FEMENINO,29,SD
2016-0156,2016-11-26,2016,11,26,CONDUCTOR,MOTO,MASCULINO,23,2016-11-30 00:00:00
2016-0157,2016-12-03,2016,12,3,CONDUCTOR,MOTO,MASCULINO,23,SD
2016-0159,2016-12-04,2016,12,4,CONDUCTOR,AUTO,MASCULINO,23,SD
2016-0161,2016-12-06,2016,12,6,PEATON,PEATON,MASCULINO,50,2016-12-06 00:00:00
2016-0162,2016-12-07,2016,12,7,PEATON,PEATON,MASCULINO,38,2017-01-01 00:00:00
2016-0163,2016-12-10,2016,12,10,CONDUCTOR,MOTO,MASCULINO,23,SD
2016-0164,2016-12-11,2016,12,11,CONDUCTOR,AUTO,MASCULINO,29,SD
2016-0168,2016-12-13,2016,12,13,CONDUCTOR,MOTO,MASCULINO,43,2016-12-13 00:00:00
2016-0169,2016-12-15,2016,12,15,CONDUCTOR,MOTO,MASCULINO,24,2016-12-16 00:00:00
2016-0172,2016-12-26,2016,12,26,CONDUCTOR,MOTO,MASCULINO,38,2016-12-26 00:00:00
2016-0173,2016-12-26,2016,12,26,CONDUCTOR,MOTO,MASCULINO,35,SD
2016-0176,2016-12-28,2016,12,28,CONDUCTOR,MOTO,MASCULINO,28,SD
2016-0177,2016-12-29,2016,12,29,PEATON,PEATON,FEMENINO,27,SD
2017-0007,2017-01-11,2017,1,11,PEATON,PEATON,MASCULINO,48,2017-01-11 00:00:00
2017-0008,2017-01-16,2017,1,16,CONDUCTOR,MOTO,MASCULINO,29,2017-01-16 00:00:00
2017-0009,2017-01-16,2017,1,16,CONDUCTOR,MOTO,MASCULINO,36,2017-01-16 00:00:00
2017-0010,2017-01-16,2017,1,16,CONDUCTOR,MOTO,MASCULINO,23,2017-01-16 00:00:00
2017-0012,2017-01-24,2017,1,24,CONDUCTOR,MOTO,MASCULINO,30,2017-01-24 00:00:00
2017-0016,2017-02-03,2017,2,3,CONDUCTOR,MOTO,MASCULINO,27,2017-02-04 00:00:00
2017-0017,2017-02-06,2017,2,6,CONDUCTOR,MOTO,MASCULINO,32,2017-02-06 00:00:00
2017-0018,2017-02-09,2017,2,9,CONDUCTOR,MOTO,MASCULINO,30,2017-02-09 00:00:00
2017-0021,2017-02-18,2017,2,18,CONDUCTOR,MOTO,MASCULINO,43,2017-02-18 00:00:00
2017-0024,2017-02-23,2017,2,23,PEATON,PEATON,MASCULINO,39,2017-02-23 00:00:00
2017-0025,2017-02-24,2017,2,24,CONDUCTOR,MOTO,MASCULINO,23,2017-02-24 00:00:00
2017-0030,2017-03-07,2017,3,7,CONDUCTOR,AUTO,FEMENINO,27,2017-03-07 00:00:00
2017-0033,2017-03-12,2017,3,12,CONDUCTOR,AUTO,MASCULINO,28,2017-03-12 00:00:00
2017-0034,2017-03-13,2017,3,13,PEATON,PEATON,MASCULINO,43,2017-03-13 00:00:00
2017-0035,2017-03-23,2017,3,23,CONDUCTOR,AUTO,MASCULINO,28,2017-03-23 00:00:00
2017-0037,2017-03-31,2017,3,31,CONDUCTOR,MOTO,MASCULINO,41,2017-03-31 00:00:00
2017-0038,2017-04-01,2017,4,1,CONDUCTOR,MOTO,FEMENINO,40,2017-04-01 00:00:00
2017-0040,2017-04-03,2017,4,3,CONDUCTOR,AUTO,MASCULINO,43,2017-04-03 00:00:00
2017-0045,2017-04-14,2017,4,14,CONDUCTOR,MOTO,MASCULINO,21,2017-04-14 00:00:00
2017-0047,2017-04-23,2017,4,23,CONDUCTOR,MOTO,MASCULINO,37,2017-04-23 00:00:00
2017-0049,2017-04-27,2017,4,27,PEATON,PEATON,MASCULINO,22,2017-04-27 00:00:00
2017-0050,2017-04-28,2017,4,28,CONDUCTOR,MOTO,MASCULINO,46,2017-04-28 00:00:00
2017-0051,2017-05-01,2017,5,1,CONDUCTOR,AUTO,MASCULINO,33,2017-05-01 00:00:00
2017-0052,2017-05-05,2017,5,5,PEATON,PEATON,FEMENINO,47,2017-05-05 00:00:00
2017-0053,2017-05-05,2017,5,5,CONDUCTOR,MOTO,MASCULINO,28,2017-05-05 00:00:00
2017-0055,2017-05-09,2017,5,9,CONDUCTOR,AUTO,MASCULINO,32,2017-05-09 00:00:00
2017-0059,2017-05-11,2017,5,11,PEATON,PEATON,FEMENINO,39,2017-05-11 00:00:00
2017-0061,2017-05-15,2017,5,15,PEATON,PEATON,MASCULINO,47,2017-05-16 00:00:00
2017-0062,2017-05-15,2017,5,15,CONDUCTOR,MOTO,MASCULINO,35,2017-05-15 00:00:00
2017-0067,2017-05-23,2017,5,23,CONDUCTOR,MOTO,MASCULINO,21,2017-05-23 00:00:00
2017-0068,2017-05-27,2017,5,27,CONDUCTOR,MOTO,MASCULINO,32,2017-05-27 00:00:00
2017-0069,2017-05-29,2017,5,29,CONDUCTOR,MOTO,MASCULINO,39,2017-05-29 00:00:00
2017-0072,2017-06-03,2017,6,3,CONDUCTOR,AUTO,MASCULINO,25,2017-06-03 00:00:00
2017-0075,2017-06-12,2017,6,12,PEATON,PEATON,MASCULINO,55,2017-06-12 00:00:00
2017-0076,2017-06-13,2017,6,13,PEATON,PEATON,FEMENINO,30,2017-06-13 00:00:00
2017-0079,2017-06-19,2017,6,19,CONDUCTOR,MOTO,MASCULINO,33,2017-06-19 00:00:00
2017-0082,2017-06-25,2017,6,25,PEATON,PEATON,MASCULINO,36,2017-06-25 00:00:00
2017-0083,2017-07-04,2017,7,4,CONDUCTOR,MOTO,MASCULINO,37,2017-07-04 00:00:00
2017-0086,2017-07-09,2017,7,9,PEATON,PEATON,FEMENINO,30,2017-07-09 00:00:00
2017-0088,2017-07-10,2017,7,10,PEATON,PEATON,MASCULINO,43,2017-07-10 00:00:00
2017-0090,2017-07-15,2017,7,15,PEATON,PEATON,MASCULINO,22,2017-07-15 00:00:00
2017-0091,2017-07-15,2017,7,15,CONDUCTOR,MOTO,MASCULINO,58,2017-07-15 00:00:00
2017-0095,2017-08-06,2017,8,6,CONDUCTOR,MOTO,MASCULINO,36,2017-08-06 00:00:00
2017-0102,2017-08-24,2017,8,24,PEATON,PEATON,MASCULINO,46,2017-08-24 00:00:00
2017-0107,2017-09-01,2017,9,1,CONDUCTOR,MOTO,MASCULINO,41,2017-09-01 00:00:00
2017-0109,2017-09-04,2017,9,4,CONDUCTOR,MOTO,MASCULINO,21,2017-09-05 00:00:00
2017-0110,2017-09-06,2017,9,6,PEATON,PEATON,MASCULINO,56,2017-09-07 00:00:00
2017-0114,2017-09-15,2017,9,15,CONDUCTOR,AUTO,MASCULINO,26,2017-09-15 00:00:00
2017-0115,2017-09-19,2017,9,19,CONDUCTOR,MOTO,MASCULINO,34,SD
2017-0116,2017-09-20,2017,9,20,CONDUCTOR,MOTO,MASCULINO,22,2017-09-20 00:00:00
2017-0123,2017-10-10,2017,10,10,PEATON,PEATON,FEMENINO,36,2017-10-10 00:00:00
2017-0124,2017-10-12,2017,10,12,CONDUCTOR,MOTO,MASCULINO,51,2017-10-12 00:00:00
2017-0125,2017-10-13,2017,10,13,CONDUCTOR,MOTO,MASCULINO,29,2017-10-13 00:00:00
2017-0129,2017-10-26,2017,10,26,CONDUCTOR,MOTO,MASCULINO,57,2017-10-26 00:00:00
2017-0130,2017-10-27,2017,10,27,CONDUCTOR,AUTO,MASCULINO,23,2017-10-27 00:00:00
2017-0132,2017-10-30,2017,10,30,CONDUCTOR,MOTO,MASCULINO,23,2017-10-30 00:00:00
2017-0134,2017-11-06,2017,11,6,PEATON,PEATON,FEMENINO,47,2017-11-06 00:00:00
2017-0135,2017-11-07,2017,11,7,CONDUCTOR,MOTO,MASCULINO,24,2017-11-07 00:00:00
2017-0136,2017-11-16,2017,11,16,PEATON,PEATON,MASCULINO,55,2017-11-16 00:00:00
2017-0140,2017-11-19,2017,11,19,CONDUCTOR,MOTO,MASCULINO,24,2017-11-19 00:00:00
2017-0141,2017-11-23,2017,11,23,PEATON,PEATON,FEMENINO,22,2017-11-23 00:00:00
2017-0143,2017-11-25,2017,11,25,CONDUCTOR,AUTO,MASCULINO,50,2017-11-25 00:00:00
2017-0145,2017-11-26,2017,11,26,CONDUCTOR,MOTO,MASCULINO,58,2017-11-26 00:00:00
2017-0147,2017-11-28,2017,11,28,CONDUCTOR,MOTO,MASCULINO,49,2017-11-28 00:00:00
2017-0150,2017-12-04,2017,12,4,PEATON,PEATON,MASCULINO,56,2017-12-04 00:00:00
2017-0157,2017-12-17,2017,12,17,CONDUCTOR,AUTO,MASCULINO,53,2017-12-17 00:00:00
2017-0158,2017-12-18,2017,12,18,CONDUCTOR,MOTO,MASCULINO,32,2017-12-18 00:00:00
2017-0159,2017-12-20,2017,12,20,CONDUCTOR,MOTO,MASCULINO,27,2017-12-20 00:00:00
2017-0160,2017-12-22,2017,12,22,PEATON,PEATON,FEMENINO,30,2017-12-22 00:00:00
2017-0161,2017-12-26,2017,12,26,PEATON,PEATON,FEMENINO,30,2017-12-26 00:00:00
2018-0003,2018-01-05,2018,1,5,PEATON,PEATON,FEMENINO,58,2018-01-05 00:00:00
2018-0004,2018-01-09,2018,1,9,CONDUCTOR,MOTO,MASCULINO,39,2018-01-09 00:00:00
2018-0005,2018-01-09,2018,1,9,PEATON,PEATON,MASCULINO,54,2018-01-09 00:00:00
2018-0007,2018-01-11,2018,1,11,CONDUCTOR,AUTO,MASCULINO,46,2018-01-11 00:00:00
2018-0008,2018-01-12,2018,1,12,CONDUCTOR,MOTO,FEMENINO,32,2018-01-12 00:00:00
2018-0010,2018-01-18,2018,1,18,CONDUCTOR,MOTO,MASCULINO,40,2018-01-18 00:00:00
2018-0013,2018-01-28,2018,1,28,CONDUCTOR,MOTO,MASCULINO,44,2018-01-28 00:00:00
2018-0015,2018-02-06,2018,2,6,CONDUCTOR,MOTO,MASCULINO,28,2018-02-06 00:00:00
2018-0016,2018-02-15,2018,2,15,CONDUCTOR,MOTO,MASCULINO,31,2018-02-15 00:00:00
2018-0017,2018-02-17,2018,2,17,PEATON,PEATON,MASCULINO,35,2018-02-20 00:00:00
2018-0018,2018-02-17,2018,2,17,CONDUCTOR,MOTO,MASCULINO,26,2018-02-17 00:00:00
2018-0020,2018-02-19,2018,2,19,CONDUCTOR,MOTO,MASCULINO,26,2018-02-19 00:00:00
2018-0022,2018-02-24,2018,2,24,CONDUCTOR,MOTO,MASCULINO,28,2018-02-24 00:00:00
2018-0023,2018-02-24,2018,2,24,CONDUCTOR,MOTO,MASCULINO,28,2018-02-24 00:00:00
2018-0029,2018-03-15,2018,3,15,CONDUCTOR,MOTO,MASCULINO,26,2018-03-15 00:00:00
2018-0030,2018-03-20,2018,3,20,CONDUCTOR,MOTO,MASCULINO,24,2018-03-20 00:00:00
2018-0031,2018-03-28,2018,3,28,CONDUCTOR,MOTO,MASCULINO,31,2018-03-28 00:00:00
2018-0033,2018-04-07,2018,4,7,CONDUCTOR,MOTO,FEMENINO,42,2018-04-10 00:00:00
2018-0034,2018-04-11,2018,4,11,PEATON,PEATON,MASCULINO,24,2018-04-11 00:00:00
2018-0035,2018-04-12,2018,4,12,PEATON,PEATON,FEMENINO,39,2018-04-12 00:00:00
2018-0036,2018-04-13,2018,4,13,CONDUCTOR,MOTO,MASCULINO,37,2018-04-15 00:00:00
2018-0038,2018-04-20,2018,4,20,PEATON,PEATON,FEMENINO,59,2018-04-20 00:00:00
2018-0039,2018-04-21,2018,4,21,PEATON,PEATON,MASCULINO,37,2018-04-21 00:00:00
2018-0043,2018-04-28,2018,4,28,CONDUCTOR,MOTO,MASCULINO,25,2018-04-29 00:00:00
2018-0044,2018-04-28,2018,4,28,PEATON,PEATON,FEMENINO,50,2018-04-28 00:00:00
2018-0048,2018-05-09,2018,5,9,PEATON,PEATON,MASCULINO,57,2018-05-16 00:00:00
2018-0049,2018-05-11,2018,5,11,PEATON,PEATON,FEMENINO,40,2018-05-13 00:00:00
2018-0050,2018-05-14,2018,5,14,PEATON,PEATON,FEMENINO,47,2018-05-24 00:00:00
2018-0051,2018-05-15,2018,5,15,PEATON,PEATON,FEMENINO,57,2018-05-15 00:00:00
2018-0053,2018-05-20,2018,5,20,CONDUCTOR,MOTO,MASCULINO,43,2018-05-20 00:00:00
2018-0055,2018-05-29,2018,5,29,CONDUCTOR,MOTO,MASCULINO,21,2018-05-29 00:00:00
2018-0057,2018-06-03,2018,6,3,CONDUCTOR,MOTO,MASCULINO,33,2018-06-04 00:00:00
2018-0058,2018-06-03,2018,6,3,CONDUCTOR,MOTO,MASCULINO,26,2018-06-13 00:00:00
2018-0059,2018-06-08,2018,6,8,CONDUCTOR,MOTO,MASCULINO,54,2018-06-08 00:00:00
2018-0060,2018-06-08,2018,6,8,PEATON,PEATON,MASCULINO,51,2018-06-08 00:00:00
2018-0061,2018-06-10,2018,6,10,CONDUCTOR,MOTO,MASCULINO,51,2018-06-10 00:00:00
2018-0062,2018-06-14,2018,6,14,PEATON,PEATON,MASCULINO,32,2018-06-14 00:00:00
2018-0063,2018-06-16,2018,6,16,PEATON,PEATON,FEMENINO,28,2018-06-17 00:00:00
2018-0064,2018-06-25,2018,6,25,CONDUCTOR,AUTO,MASCULINO,30,2018-06-25 00:00:00
2018-0065,2018-06-26,2018,6,26,CONDUCTOR,MOTO,MASCULINO,35,2018-06-26 00:00:00
2018-0068,2018-07-01,2018,7,1,CONDUCTOR,MOTO,MASCULINO,21,2018-07-01 00:00:00
2018-0070,2018-07-07,2018,7,7,CONDUCTOR,MOTO,MASCULINO,33,2018-07-07 00:00:00
2018-0072,2018-07-11,2018,7,11,CONDUCTOR,MOTO,MASCULINO,27,2018-07-13 00:00:00
2018-0074,2018-07-14,2018,7,14,CONDUCTOR,AUTO,MASCULINO,25,2018-07-14 00:00:00
2018-0075,2018-07-15,2018,7,15,PEATON,PEATON,MASCULINO,23,2018-07-15 00:00:00
2018-0077,2018-07-16,2018,7,16,CONDUCTOR,AUTO,MASCULINO,58,2018-07-17 00:00:00
2018-0078,2018-07-21,2018,7,21,PEATON,PEATON,MASCULINO,27,2018-07-21 00:00:00
2018-0080,2018-07-25,2018,7,25,PEATON,PEATON,MASCULINO,26,2018-07-25 00:00:00
2018-0081,2018-07-29,2018,7,29,PEATON,PEATON,MASCULINO,35,2018-07-29 00:00:00
2018-0084,2018-08-03,2018,8,3,PEATON,PEATON,MASCULINO,45,2018-08-03 00:00:00
2018-0086,2018-08-10,2018,8,10,PEATON,PEATON,MASCULINO,40,2018-08-10 00:00:00
2018-0090,2018-08-18,2018,8,18,CONDUCTOR,MOTO,MASCULINO,27,2018-08-18 00:00:00
2018-0092,2018-08-20,2018,8,20,CONDUCTOR,MOTO,MASCULINO,23,2018-08-20 00:00:00
2018-0093,2018-08-20,2018,8,20,PEATON,PEATON,MASCULINO,24,2018-08-20 00:00:00
2018-0094,2018-08-23,2018,8,23,CONDUCTOR,MOTO,MASCULINO,32,2018-08-23 00:00:00
2018-0096,2018-08-31,2018,8,31,PEATON,PEATON,MASCULINO,39,2018-08-31 00:00:00
2018-0097,2018-09-02,2018,9,2,CONDUCTOR,AUTO,FEMENINO,35,2018-09-02 00:00:00
2018-0098,2018-09-09,2018,9,9,CONDUCTOR,AUTO,MASCULINO,55,2018-09-09 00:00:00
2018-0104,2018-10-01,2018,10,1,CONDUCTOR,MOTO,MASCULINO,22,2018-10-01 00:00:00
2018-0105,2018-10-03,2018,10,3,PEATON,PEATON,FEMENINO,56,2018-10-03 00:00:00
2018-0106,2018-10-04,2018,10,4,CONDUCTOR,MOTO,MASCULINO,27,2018-10-04 00:00:00
2018-0108,2018-10-09,2018,10,9,CONDUCTOR,MOTO,MASCULINO,37,2018-10-10 00:00:00
2018-0109,2018-10-10,2018,10,10,PEATON,PEATON,MASCULINO,34,2018-10-10 00:00:00
2018-0111,2018-10-19,2018,10,19,CONDUCTOR,MOTO,MASCULINO,28,2018-10-19 00:00:00
2018-0112,2018-10-24,2018,10,24,CONDUCTOR,MOTO,FEMENINO,28,2018-10-24 00:00:00
2018-0114,2018-10-30,2018,10,30,CONDUCTOR,MOTO,MASCULINO,23,2018-10-30 00:00:00
2018-0115,2018-10-31,2018,10,31,PEATON,PEATON,MASCULINO,42,2018-11-01 00:00:00
2018-0116,2018-11-01,2018,11,1,PEATON,PEATON,MASCULINO,48,2018-11-08 00:00:00
2018-0117,2018-11-04,2018,11,4,CONDUCTOR,MOTO,MASCULINO,30,2018-11-08 00:00:00
2018-0119,2018-11-05,2018,11,5,PEATON,PEATON,FEMENINO,32,2018-11-06 00:00:00
2018-0120,2018-11-09,2018,11,9,PEATON,PEATON,FEMENINO,51,2018-11-20 00:00:00
2018-0122,2018-11-12,2018,11,12,CONDUCTOR,AUTO,MASCULINO,33,2018-11-12 00:00:00
2018-0123,2018-11-12,2018,11,12,CONDUCTOR,AUTO,MASCULINO,25,2018-11-12 00:00:00
2018-0125,2018-11-16,2018,11,16,PEATON,PEATON,MASCULINO,29,2018-11-17 00:00:00
2018-0126,2018-11-18,2018,11,18,CONDUCTOR,MOTO,MASCULINO,27,2018-11-23 00:00:00
2018-0127,2018-11-19,2018,11,19,CONDUCTOR,MOTO,MASCULINO,29,2018-11-19 00:00:00
2018-0129,2018-11-28,2018,11,28,CONDUCTOR,MOTO,MASCULINO,37,2018-11-30 00:00:00
2018-0131,2018-12-07,2018,12,7,CONDUCTOR,MOTO,MASCULINO,29,2018-12-07 00:00:00
2018-0134,2018-12-12,2018,12,12,PEATON,PEATON,MASCULINO,56,2018-12-13 00:00:00
2018-0143,2018-12-29,2018,12,29,CONDUCTOR,MOTO,MASCULINO,22,2018-12-29 00:00:00
2019-0001,2019-01-08,2019,1,8,CONDUCTOR,MOTO,MASCULINO,25,2019-01-08 00:00:00
2019-0002,2019-01-09,2019,1,9,CONDUCTOR,AUTO,MASCULINO,32,2019-01-09 00:00:00
2019-0003,2019-01-12,2019,1,12,CONDUCTOR,MOTO,MASCULINO,23,2019-01-12 00:00:00
2019-0005,2019-01-19,2019,1,19,CONDUCTOR,MOTO,MASCULINO,43,2019-01-19 00:00:00
2019-0007,2019-01-26,2019,1,26,CONDUCTOR,MOTO,MASCULINO,35,2019-01-26 00:00:00
2019-0008,2019-01-30,2019,1,30,CONDUCTOR,MOTO,MASCULINO,42,2019-01-31 00:00:00
2019-0009,2019-01-31,2019,1,31,CONDUCTOR,MOTO,MASCULINO,34,2019-01-31 00:00:00
2019-0012,2019-02-17,2019,2,17,CONDUCTOR,MOTO,MASCULINO,31,2019-02-20 00:00:00
2019-0013,2019-02-20,2019,2,20,PEATON,PEATON,MASCULINO,39,2019-03-02 00:00:00
2019-0015,2019-02-23,2019,2,23,CONDUCTOR,AUTO,MASCULINO,21,2019-02-23 00:00:00
2019-0016,2019-02-24,2019,2,24,CONDUCTOR,MOTO,MASCULINO,40,2019-02-24 00:00:00
2019-0017,2019-03-03,2019,3,3,CONDUCTOR,AUTO,MASCULINO,22,2019-03-07 00:00:00
2019-0018,2019-03-03,2019,3,3,PEATON,PEATON,FEMENINO,29,2019-03-03 00:00:00
2019-0020,2019-03-07,2019,3,7,CONDUCTOR,MOTO,MASCULINO,43,2019-03-07 00:00:00
2019-0021,2019-03-15,2019,3,15,CONDUCTOR,MOTO,MASCULINO,23,2019-03-16 00:00:00
2019-0023,2019-03-16,2019,3,16,CONDUCTOR,AUTO,MASCULINO,34,2019-03-16 00:00:00
2019-0024,2019-03-19,2019,3,19,CONDUCTOR,MOTO,MASCULINO,32,2019-03-19 00:00:00
2019-0025,2019-03-22,2019,3,22,PEATON,PEATON,MASCULINO,27,2019-04-04 00:00:00
2019-0029,2019-04-07,2019,4,7,CONDUCTOR,MOTO,MASCULINO,27,2019-04-07 00:00:00
2019-0030,2019-04-09,2019,4,9,CONDUCTOR,MOTO,MASCULINO,25,2019-04-09 00:00:00
2019-0033,2019-04-18,2019,4,18,CONDUCTOR,MOTO,MASCULINO,25,2019-04-18 00:00:00
2019-0036,2019-04-26,2019,4,26,CONDUCTOR,MOTO,MASCULINO,34,2019-05-02 00:00:00
2019-0038,2019-05-04,2019,5,4,PEATON,PEATON,FEMENINO,42,2019-05-05 00:00:00
2019-0039,2019-05-09,2019,5,9,CONDUCTOR,MOTO,MASCULINO,28,2019-05-09 00:00:00
2019-0040,2019-05-09,2019,5,9,CONDUCTOR,MOTO,MASCULINO,44,2019-05-15 00:00:00
2019-0042,2019-05-14,2019,5,14,PEATON,PEATON,MASCULINO,39,2019-05-14 00:00:00
2019-0045,2019-06-03,2019,6,3,CONDUCTOR,MOTO,MASCULINO,33,2019-06-03 00:00:00
2019-0048,2019-06-07,2019,6,7,CONDUCTOR,MOTO,MASCULINO,32,2019-06-07 00:00:00
2019-0050,2019-06-08,2019,6,8,CONDUCTOR,MOTO,MASCULINO,21,2019-06-09 00:00:00
2019-0051,2019-06-11,2019,6,11,CONDUCTOR,MOTO,MASCULINO,41,2019-06-11 00:00:00
2019-0054,2019-06-20,2019,6,20,CONDUCTOR,MOTO,MASCULINO,21,2019-06-20 00:00:00
2019-0055,2019-06-20,2019,6,20,CONDUCTOR,MOTO,MASCULINO,47,2019-06-21 00:00:00
2019-0058,2019-07-10,2019,7,10,CONDUCTOR,MOTO,MASCULINO,39,2019-07-10 00:00:00
2019-0059,2019-07-13,2019,7,13,CONDUCTOR,MOTO,MASCULINO,30,2019-07-13 00:00:00
2019-0061,2019-07-17,2019,7,17,PEATON,PEATON,FEMENINO,58,2019-07-17 00:00:00
2019-0065,2019-08-08,2019,8,8,PEATON,PEATON,FEMENINO,55,2019-08-09 00:00:00
2019-0066,2019-08-11,2019,8,11,PEATON,PEATON,MASCULINO,40,2019-08-11 00:00:00
2019-0067,2019-08-14,2019,8,14,CONDUCTOR,MOTO,MASCULINO,35,2019-08-14 00:00:00
2019-0068,2019-08-14,2019,8,14,CONDUCTOR,MOTO,MASCULINO,53,2019-08-14 00:00:00
2019-0069,2019-08-17,2019,8,17,CONDUCTOR,MOTO,MASCULINO,43,2019-08-17 00:00:00
2019-0070,2019-08-22,2019,8,22,CONDUCTOR,MOTO,MASCULINO,25,2019-08-22 00:00:00
2019-0072,2019-08-28,2019,8,28,CONDUCTOR,AUTO,MASCULINO,22,2019-09-02 00:00:00
2019-0073,2019-08-29,2019,8,29,CONDUCTOR,AUTO,MASCULINO,29,2019-09-06 00:00:00
2019-0074,2019-08-29,2019,8,29,CONDUCTOR,MOTO,MASCULINO,35,2019-08-29 00:00:00
2019-0075,2019-08-30,2019,8,30,CONDUCTOR,MOTO,MASCULINO,31,2019-08-30 00:00:00
2019-0076,2019-09-05,2019,9,5,CONDUCTOR,MOTO,FEMENINO,29,2019-09-05 00:00:00
2019-0077,2019-09-08,2019,9,8,PEATON,PEATON,FEMENINO,28,2019-09-08 00:00:00
2019-0079,2019-09-17,2019,9,17,CONDUCTOR,MOTO,MASCULINO,57,2019-09-17 00:00:00
2019-0086,2019-10-15,2019,10,15,CONDUCTOR,MOTO,MASCULINO,29,2019-10-15 00:00:00
2019-0087,2019-10-21,2019,10,21,CONDUCTOR,MOTO,MASCULINO,41,2019-10-21 00:00:00
2019-0088,2019-10-22,2019,10,22,PEATON,PEATON,MASCULINO,27,2019-10-22 00:00:00
2019-0091,2019-11-01,2019,11,1,PEATON,PEATON,MASCULINO,35,2019-11-01 00:00:00
2019-0092,2019-11-03,2019,11,3,PEATON,PEATON,MASCULINO,37,2019-11-03 00:00:00
2019-0100,2019-12-05,2019,12,5,CONDUCTOR,MOTO,MASCULINO,38,2019-12-18 00:00:00
2019-0101,2019-12-17,2019,12,17,CONDUCTOR,MOTO,MASCULINO,25,2019-12-17 00:00:00
2019-0103,2019-12-18,2019,12,18,CONDUCTOR,MOTO,MASCULINO,24,2019-12-18 00:00:00
2020-0002,2020-01-05,2020,1,5,CONDUCTOR,MOTO,MASCULINO,36,2020-01-07 00:00:00
2020-0003,2020-01-11,2020,1,11,PEATON,PEATON,MASCULINO,44,2020-01-11 00:00:00
2020-0005,2020-01-14,2020,1,14,CONDUCTOR,MOTO,MASCULINO,25,2020-02-10 00:00:00
2020-0006,2020-01-20,2020,1,20,CONDUCTOR,MOTO,MASCULINO,23,2020-01-20 00:00:00
2020-0007,2020-01-27,2020,1,27,PEATON,PEATON,MASCULINO,52,2020-01-27 00:00:00
2020-0008,2020-01-30,2020,1,30,CONDUCTOR,MOTO,MASCULINO,49,2020-01-30 00:00:00
2020-0009,2020-02-04,2020,2,4,PEATON,PEATON,MASCULINO,48,2020-02-05 00:00:00
2020-0011,2020-02-12,2020,2,12,CONDUCTOR,MOTO,MASCULINO,31,2020-02-12 00:00:00
2020-0013,2020-02-20,2020,2,20,PEATON,PEATON,FEMENINO,58,2020-03-03 00:00:00
2020-0015,2020-02-28,2020,2,28,CONDUCTOR,MOTO,MASCULINO,29,2020-02-28 00:00:00
2020-0018,2020-03-09,2020,3,9,CONDUCTOR,MOTO,MASCULINO,31,2020-03-09 00:00:00
2020-0023,2020-04-09,2020,4,9,CONDUCTOR,AUTO,MASCULINO,44,2020-05-03 00:00:00
2020-0024,2020-04-24,2020,4,24,CONDUCTOR,AUTO,MASCULINO,53,2020-04-24 00:00:00
2020-0026,2020-05-17,2020,5,17,CONDUCTOR,MOTO,MASCULINO,28,2020-05-17 00:00:00
2020-0030,2020-06-16,2020,6,16,CONDUCTOR,MOTO,MASCULINO,40,2020-06-16 00:00:00
2020-0031,2020-06-30,2020,6,30,CONDUCTOR,MOTO,MASCULINO,29,2020-06-30 00:00:00
2020-0032,2020-07-10,2020,7,10,CONDUCTOR,MOTO,MASCULINO,21,2020-07-10 00:00:00
2020-0033,2020-07-19,2020,7,19,CONDUCTOR,AUTO,MASCULINO,32,2020-07-19 00:00:00
2020-0035,2020-08-04,2020,8,4,CONDUCTOR,MOTO,MASCULINO,40,2020-08-04 00:00:00
2020-0037,2020-08-29,2020,8,29,PEATON,PEATON,MASCULINO,38,2020-08-29 00:00:00
2020-0038,2020-08-30,2020,8,30,CONDUCTOR,AUTO,MASCULINO,46,2020-08-30 00:00:00
2020-0039,2020-09-01,2020,9,1,PEATON,PEATON,MASCULINO,44,2020-09-01 00:00:00
2020-0041,2020-09-28,2020,9,28,CONDUCTOR,MOTO,MASCULINO,34,2020-09-28 00:00:00
2020-0042,2020-09-29,2020,9,29,PEATON,PEATON,FEMENINO,53,2020-09-29 00:00:00
2020-0044,2020-10-05,2020,10,5,CONDUCTOR,AUTO,MASCULINO,43,2020-10-05 00:00:00
2020-0045,2020-10-19,2020,10,19,CONDUCTOR,AUTO,MASCULINO,50,2020-10-19 00:00:00
2020-0046,2020-10-27,2020,10,27,CONDUCTOR,MOTO,MASCULINO,41,2020-10-27 00:00:00
2020-0048,2020-10-29,2020,10,29,CONDUCTOR,MOTO,MASCULINO,41,2020-10-29 00:00:00
2020-0049,2020-10-30,2020,10,30,PEATON,PEATON,MASCULINO,36,2020-10-30 00:00:00
2020-0050,2020-11-01,2020,11,1,PEATON,PEATON,FEMENINO,28,2020-11-01 00:00:00
2020-0051,2020-11-05,2020,11,5,CONDUCTOR,MOTO,MASCULINO,49,2020-11-05 00:00:00
2020-0056,2020-11-21,2020,11,21,CONDUCTOR,MOTO,FEMENINO,34,2020-11-21 00:00:00
2020-0058,2020-11-24,2020,11,24,PEATON,PEATON,MASCULINO,57,2020-11-25 00:00:00
2020-0059,2020-12-01,2020,12,1,PEATON,PEATON,FEMENINO,49,2020-12-14 00:00:00
2020-0061,2020-12-03,2020,12,3,CONDUCTOR,MOTO,MASCULINO,45,2020-12-04 00:00:00
2020-0063,2020-12-05,2020,12,5,PEATON,PEATON,MASCULINO,38,2020-12-05 00:00:00
2020-0065,2020-12-05,2020,12,5,CONDUCTOR,MOTO,MASCULINO,24,2020-12-06 00:00:00
2020-0066,2020-12-07,2020,12,7,CONDUCTOR,MOTO,MASCULINO,27,2020-12-07 00:00:00
2020-0067,2020-12-11,2020,12,11,PEATON,PEATON,MASCULINO,51,2020-12-11 00:00:00
2020-0073,2020-12-20,2020,12,20,CONDUCTOR,MOTO,MASCULINO,56,2020-12-20 00:00:00
2020-0074,2020-12-20,2020,12,20,CONDUCTOR,AUTO,MASCULINO,39,2020-12-20 00:00:00
2020-0075,2020-12-23,2020,12,23,PEATON,PEATON,MASCULINO,23,2020-12-23 00:00:00
2020-0077,2020-12-25,2020,12,25,CONDUCTOR,MOTO,FEMENINO,30,2020-12-25 00:00:00
2020-0079,2020-12-27,2020,12,27,CONDUCTOR,MOTO,MASCULINO,28,2020-12-27 00:00:00
2021-0001,2021-01-06,2021,1,6,CONDUCTOR,MOTO,MASCULINO,36,2021-01-06 00:00:00
2021-0002,2021-01-07,2021,1,7,CONDUCTOR,MOTO,FEMENINO,47,2021-01-07 00:00:00
2021-0003,2021-01-10,2021,1,10,CONDUCTOR,MOTO,MASCULINO,27,2021-01-10 00:00:00
2021-0008,2021-01-22,2021,1,22,PEATON,PEATON,MASCULINO,28,2021-01-22 00:00:00
2021-0009,2021-01-23,2021,1,23,CONDUCTOR,MOTO,MASCULINO,31,2021-01-23 00:00:00
2021-0010,2021-01-23,2021,1,23,CONDUCTOR,MOTO,MASCULINO,28,2021-01-23 00:00:00
2021-0011,2021-01-27,2021,1,27,PEATON,PEATON,MASCULINO,21,2021-01-27 00:00:00
2021-0013,2021-01-31,2021,1,31,CONDUCTOR,MOTO,MASCULINO,41,2021-01-31 00:00:00
2021-0014,2021-02-02,2021,2,2,PEATON,PEATON,MASCULINO,28,2021-02-18 00:00:00
2021-0015,2021-02-06,2021,2,6,CONDUCTOR,MOTO,MASCULINO,26,2021-02-06 00:00:00
2021-0016,2021-02-14,2021,2,14,CONDUCTOR,AUTO,MASCULINO,22,2021-02-14 00:00:00
2021-0017,2021-02-17,2021,2,17,CONDUCTOR,MOTO,MASCULINO,33,2021-02-17 00:00:00
2021-0018,2021-02-20,2021,2,20,PEATON,PEATON,MASCULINO,36,2021-03-08 00:00:00
2021-0019,2021-02-21,2021,2,21,CONDUCTOR,MOTO,MASCULINO,30,2021-02-21 00:00:00
2021-0021,2021-02-26,2021,2,26,CONDUCTOR,MOTO,MASCULINO,39,2021-03-04 00:00:00
2021-0023,2021-03-01,2021,3,1,CONDUCTOR,MOTO,MASCULINO,24,2021-03-01 00:00:00
2021-0025,2021-03-11,2021,3,11,CONDUCTOR,MOTO,MASCULINO,37,2021-03-11 00:00:00
2021-0026,2021-03-15,2021,3,15,CONDUCTOR,MOTO,MASCULINO,36,2021-03-15 00:00:00
2021-0029,2021-03-31,2021,3,31,CONDUCTOR,AUTO,MASCULINO,26,2021-04-02 00:00:00
2021-0030,2021-04-03,2021,4,3,PEATON,PEATON,MASCULINO,36,2021-04-07 00:00:00
2021-0033,2021-04-14,2021,4,14,CONDUCTOR,AUTO,MASCULINO,33,2021-04-14 00:00:00
2021-0035,2021-05-03,2021,5,3,CONDUCTOR,MOTO,MASCULINO,24,2021-05-03 00:00:00
2021-0036,2021-05-09,2021,5,9,CONDUCTOR,MOTO,MASCULINO,36,2021-05-09 00:00:00
2021-0037,2021-05-11,2021,5,11,PEATON,PEATON,FEMENINO,58,2021-05-11 00:00:00
2021-0038,2021-05-14,2021,5,14,CONDUCTOR,MOTO,FEMENINO,44,2021-05-14 00:00:00
2021-0040,2021-05-20,2021,5,20,CONDUCTOR,MOTO,MASCULINO,27,2021-05-20 00:00:00
2021-0042,2021-05-21,2021,5,21,PEATON,PEATON,MASCULINO,39,2021-05-21 00:00:00
2021-0043,2021-05-22,2021,5,22,PEATON,PEATON,MASCULINO,50,2021-05-22 00:00:00
2021-0045,2021-05-26,2021,5,26,CONDUCTOR,MOTO,MASCULINO,22,2021-05-26 00:00:00
2021-0047,2021-06-02,2021,6,2,CONDUCTOR,MOTO,MASCULINO,59,2021-06-02 00:00:00
2021-0050,2021-06-10,2021,6,10,CONDUCTOR,MOTO,MASCULINO,56,2021-06-10 00:00:00
2021-0053,2021-06-20,2021,6,20,PEATON,PEATON,MASCULINO,58,2021-06-30 00:00:00
2021-0054,2021-06-22,2021,6,22,CONDUCTOR,MOTO,MASCULINO,41,2021-06-22 00:00:00
2021-0057,2021-07-10,2021,7,10,CONDUCTOR,AUTO,MASCULINO,46,2021-07-10 00:00:00
2021-0058,2021-07-21,2021,7,21,PEATON,PEATON,MASCULINO,24,2021-07-21 00:00:00
2021-0061,2021-07-24,2021,7,24,PEATON,PEATON,FEMENINO,55,2021-07-24 00:00:00
2021-0064,2021-08-02,2021,8,2,PEATON,PEATON,MASCULINO,37,2021-08-03 00:00:00
2021-0066,2021-08-06,2021,8,6,PEATON,PEATON,MASCULINO,59,2021-08-09 00:00:00
2021-0067,2021-08-08,2021,8,8,CONDUCTOR,MOTO,MASCULINO,27,2021-08-08 00:00:00
2021-0068,2021-08-15,2021,8,15,CONDUCTOR,MOTO,MASCULINO,39,2021-08-15 00:00:00
2021-0070,2021-08-28,2021,8,28,CONDUCTOR,MOTO,MASCULINO,31,2021-08-28 00:00:00
2021-0072,2021-09-01,2021,9,1,PEATON,PEATON,FEMENINO,57,2021-09-01 00:00:00
2021-0074,2021-09-20,2021,9,20,CONDUCTOR,MOTO,MASCULINO,55,2021-09-20 00:00:00
2021-0076,2021-10-16,2021,10,16,CONDUCTOR,MOTO,MASCULINO,31,2021-10-16 00:00:00
2021-0077,2021-10-18,2021,10,18,CONDUCTOR,MOTO,FEMENINO,31,2021-10-18 00:00:00
2021-0078,2021-10-23,2021,10,23,CONDUCTOR,MOTO,MASCULINO,22,2021-10-23 00:00:00
2021-0080,2021-10-28,2021,10,28,CONDUCTOR,MOTO,MASCULINO,32,2021-10-28 00:00:00
2021-0081,2021-11-02,2021,11,2,CONDUCTOR,MOTO,MASCULINO,26,2021-11-02 00:00:00
2021-0082,2021-11-06,2021,11,6,CONDUCTOR,MOTO,MASCULINO,38,2021-11-06 00:00:00
2021-0083,2021-11-09,2021,11,9,CONDUCTOR,MOTO,MASCULINO,30,2021-11-09 00:00:00
2021-0084,2021-11-11,2021,11,11,CONDUCTOR,AUTO,MASCULINO,32,2021-11-11 00:00:00
2021-0085,2021-11-20,2021,11,20,CONDUCTOR,MOTO,MASCULINO,49,2021-11-20 00:00:00
2021-0088,2021-12-01,2021,12,1,CONDUCTOR,MOTO,MASCULINO,45,2021-12-07 00:00:00
2021-0089,2021-12-02,2021,12,2,CONDUCTOR,MOTO,MASCULINO,41,2021-12-11 00:00:00
2021-0091,2021-12-11,2021,12,11,CONDUCTOR,MOTO,MASCULINO,24,2021-12-11 00:00:00
2021-0092,2021-12-12,2021,12,12,PEATON,PEATON,FEMENINO,50,2021-12-12 00:00:00
2021-0095,2021-12-30,2021,12,30,CONDUCTOR,MOTO,MASCULINO,27,2022-01-02 00:00:00
